{
    "model_name": "DenseNet-121",
    "best_f1": 0.7115815281867981,
    "best_epoch": 27,
    "final_metrics": {
        "precision": 0.7559742331504822,
        "recall": 0.6821158528327942,
        "f1": 0.7115815281867981,
        "loss": 0.29500998083561186
    }
}