{
    "model_name": "EfficientNet-B0",
    "best_f1": 0.7121645212173462,
    "best_epoch": 12,
    "final_metrics": {
        "precision": 0.758064866065979,
        "recall": 0.6819003224372864,
        "f1": 0.7121645212173462,
        "loss": 0.23599370509859116
    }
}