{
    "model_name": "Our-AdaGAT",
    "best_f1": 0.5521085262298584,
    "best_epoch": 30,
    "final_metrics": {
        "precision": 0.6048411130905151,
        "recall": 0.5234497785568237,
        "f1": 0.5521085262298584,
        "loss": 0.22123787658555166
    }
}