{
    "model_name": "ResNet-50",
    "best_f1": 0.6999000310897827,
    "best_epoch": 30,
    "final_metrics": {
        "precision": 0.7244676351547241,
        "recall": 0.6832143068313599,
        "f1": 0.6999000310897827,
        "loss": 0.2997310251470596
    }
}