{
    "model_name": "ResNet-101",
    "best_f1": 0.693879246711731,
    "best_epoch": 29,
    "final_metrics": {
        "precision": 0.7331019639968872,
        "recall": 0.6711649298667908,
        "f1": 0.693879246711731,
        "loss": 0.31590524315834045
    }
}