{
    "model_name": "ViT-B-16",
    "best_f1": 0.4983294606208801,
    "best_epoch": 30,
    "final_metrics": {
        "precision": 0.6524964570999146,
        "recall": 0.45642492175102234,
        "f1": 0.4983294606208801,
        "loss": 0.26715884913527777
    }
}