lambda,f1,precision,recall,avg_edges,avg_degree,threshold
0.0,0.5311394929885864,0.6648597121238708,0.49738213419914246,192.28666420588416,12.070150382935054,0.6159783365234496
0.3,0.5311533808708191,0.6648827791213989,0.49738609790802,151.61472393217542,9.519900866917201,0.6624003573069497
0.5,0.5312186479568481,0.6648316979408264,0.49744465947151184,123.15026419503349,7.730727657439217,0.6933483689550369
0.7,0.5312513709068298,0.6648187041282654,0.49749118089675903,95.83866452413892,6.013975907885839,0.7242963843875461
1.0,0.5309416055679321,0.664428174495697,0.49714118242263794,59.28984272669232,3.7186444941021146,0.7707183985483079
