{
    "lambda": 0.3,
    "f1": 0.5311533808708191,
    "precision": 0.6648827791213989,
    "recall": 0.49738609790802,
    "graph_stats": {
        "num_edges": 151.61472393217542,
        "avg_degree": 9.519900866917201,
        "threshold": 0.6624003573069497,
        "mean_sim": 0.6159783365234496,
        "std_sim": 0.154740066991912
    }
}