{
    "lambda": 0.7,
    "f1": 0.5312513709068298,
    "precision": 0.6648187041282654,
    "recall": 0.49749118089675903,
    "graph_stats": {
        "num_edges": 95.83866452413892,
        "avg_degree": 6.013975907885839,
        "threshold": 0.7242963843875461,
        "mean_sim": 0.6159783365234496,
        "std_sim": 0.154740066991912
    }
}