{
    "lambda": 0.0,
    "f1": 0.5311394929885864,
    "precision": 0.6648597121238708,
    "recall": 0.49738213419914246,
    "graph_stats": {
        "num_edges": 192.28666420588416,
        "avg_degree": 12.070150382935054,
        "threshold": 0.6159783365234496,
        "mean_sim": 0.6159783365234496,
        "std_sim": 0.154740066991912
    }
}