{
    "lambda": 0.5,
    "f1": 0.5312186479568481,
    "precision": 0.6648316979408264,
    "recall": 0.49744465947151184,
    "graph_stats": {
        "num_edges": 123.15026419503349,
        "avg_degree": 7.730727657439217,
        "threshold": 0.6933483689550369,
        "mean_sim": 0.6159783365234496,
        "std_sim": 0.154740066991912
    }
}