{
    "lambda": 1.0,
    "f1": 0.5309416055679321,
    "precision": 0.664428174495697,
    "recall": 0.49714118242263794,
    "graph_stats": {
        "num_edges": 59.28984272669232,
        "avg_degree": 3.7186444941021146,
        "threshold": 0.7707183985483079,
        "mean_sim": 0.6159783365234496,
        "std_sim": 0.154740066991912
    }
}