{
    "model_name": "+Fusion",
    "best_f1": 0.5602799654006958,
    "best_epoch": 30,
    "final_metrics": {
        "precision": 0.6647552251815796,
        "recall": 0.531915009021759,
        "f1": 0.5602799654006958,
        "loss": 0.21504394260663834
    }
}