{
    "model_name": "+Graph-GCN",
    "best_f1": 0.4175291359424591,
    "best_epoch": 30,
    "final_metrics": {
        "precision": 0.5111405849456787,
        "recall": 0.386508971452713,
        "f1": 0.4175291359424591,
        "loss": 0.2825935788097836
    }
}