{
    "model_name": "+Graph-GAT",
    "best_f1": 0.1657940000295639,
    "best_epoch": 7,
    "final_metrics": {
        "precision": 0.1482429802417755,
        "recall": 0.19542616605758667,
        "f1": 0.1657940000295639,
        "loss": 0.3821504333662608
    }
}