{
    "model_name": "Baseline-CNN",
    "best_f1": 0.6972429752349854,
    "best_epoch": 26,
    "final_metrics": {
        "precision": 0.746387243270874,
        "recall": 0.6660372018814087,
        "f1": 0.6972429752349854,
        "loss": 0.24032634543994116
    }
}