{
    "model_name": "Full-AdaGAT",
    "best_f1": 0.5569420456886292,
    "best_epoch": 30,
    "final_metrics": {
        "precision": 0.6064951419830322,
        "recall": 0.5286260843276978,
        "f1": 0.5569420456886292,
        "loss": 0.21785514080335225
    }
}